{"count":1,"self":6698.7012096,"total":11815.8360393,"children":{"InitializeActuators":{"count":10,"self":0.00099859999999999988,"total":0.00099859999999999988,"children":null},"InitializeSensors":{"count":10,"self":0.0030001999999999997,"total":0.0030001999999999997,"children":null},"AgentSendState":{"count":1786711,"self":29.5235104,"total":481.247456,"children":{"CollectObservations":{"count":3573440,"self":317.9590656,"total":317.959067,"children":null},"WriteActionMask":{"count":3573440,"self":3.447624,"total":3.4476240999999996,"children":null},"RequestDecision":{"count":3573440,"self":25.1771584,"total":130.3172533,"children":{"AgentInfo.ToProto":{"count":3573440,"self":14.443055999999999,"total":105.140095,"children":{"GenerateSensorData":{"count":3573440,"self":90.697036799999992,"total":90.6970389,"children":null}}}}}}},"DecideAction":{"count":1786711,"self":3604.2043392,"total":3604.2043119,"children":null},"AgentAct":{"count":1786711,"self":1024.7141376,"total":1024.7141228,"children":null},"AgentInfo.ToProto":{"count":147817,"self":1.6017047,"total":6.9640420999999995,"children":{"GenerateSensorData":{"count":147817,"self":5.3623376,"total":5.3623373999999995,"children":null}}}},"gauges":{"AMPTargetHeading.CumulativeReward":{"count":147817,"max":158.850983,"min":-116.314194,"runningAverage":-1.549038,"value":15.6457348,"weightedAverage":10.05546}},"metadata":{"timer_format_version":"0.1.0","start_time_seconds":"1742790041","unity_version":"6000.0.25f1","command_line_arguments":"C:\\Program Files\\Unity\\Hub\\Editor\\6000.0.25f1\\Editor\\Unity.exe -projectpath E:\\Dev\\Study\\vsCode\\AMP_pytorch\\AMP_Env -useHub -hubIPC -cloudEnvironment production","communication_protocol_version":"1.5.0","com.unity.ml-agents_version":"3.0.0","scene_name":"ArticulationBodyHeading","end_time_seconds":"1742801856"}}