{"count":1,"self":98.8321792,"total":189.4241921,"children":{"InitializeActuators":{"count":10,"self":0.0009998,"total":0.0009998,"children":null},"InitializeSensors":{"count":10,"self":0.0029996999999999997,"total":0.0029996999999999997,"children":null},"AgentSendState":{"count":28744,"self":0.42043749999999996,"total":7.3805213,"children":{"CollectObservations":{"count":57510,"self":4.9295164,"total":4.9295165,"children":null},"WriteActionMask":{"count":57510,"self":0.0510882,"total":0.0510882,"children":null},"RequestDecision":{"count":57510,"self":0.3836235,"total":1.9794790999999998,"children":{"AgentInfo.ToProto":{"count":57510,"self":0.22139019999999998,"total":1.5958556,"children":{"GenerateSensorData":{"count":57510,"self":1.3744653999999998,"total":1.3744653999999998,"children":null}}}}}}},"DecideAction":{"count":28744,"self":67.6803264,"total":67.6803235,"children":null},"AgentAct":{"count":28744,"self":15.2327056,"total":15.232706299999998,"children":null},"AgentInfo.ToProto":{"count":7441,"self":0.054983399999999995,"total":0.29346459999999996,"children":{"GenerateSensorData":{"count":7441,"self":0.23848119999999998,"total":0.23848119999999998,"children":null}}}},"gauges":{"AMPTargetHeading.CumulativeReward":{"count":7441,"max":93.5508347,"min":-0.247800291,"runningAverage":13.1685972,"value":6.947832,"weightedAverage":9.023337}},"metadata":{"timer_format_version":"0.1.0","start_time_seconds":"1738407830","unity_version":"6000.0.25f1","command_line_arguments":"C:\\Program Files\\Unity\\Hub\\Editor\\6000.0.25f1\\Editor\\Unity.exe -projectpath E:\\Dev\\Study\\vsCode\\AMP_pytorch\\AMP_Env -useHub -hubIPC -cloudEnvironment production","communication_protocol_version":"1.5.0","com.unity.ml-agents_version":"3.0.0","scene_name":"ArticulationBodyHeading","end_time_seconds":"1738408020"}}