{"count":1,"self":5927.5698176,"total":12694.737697699999,"children":{"InitializeActuators":{"count":10,"self":0.0010002,"total":0.0010002,"children":null},"InitializeSensors":{"count":10,"self":0.0009998,"total":0.0009998,"children":null},"AgentSendState":{"count":2269185,"self":31.9277536,"total":273.675453,"children":{"CollectObservations":{"count":4538370,"self":78.8445184,"total":78.8445215,"children":null},"WriteActionMask":{"count":4538370,"self":3.4931372,"total":3.4931373,"children":null},"RequestDecision":{"count":4538370,"self":29.816224,"total":159.4100415,"children":{"AgentInfo.ToProto":{"count":4538370,"self":17.232070399999998,"total":129.5938167,"children":{"GenerateSensorData":{"count":4538370,"self":112.36174079999999,"total":112.36174679999999,"children":null}}}}}}},"DecideAction":{"count":2269185,"self":5307.8626304,"total":5307.8624658,"children":null},"AgentAct":{"count":2269185,"self":1170.5022463999999,"total":1170.5022711,"children":null},"AgentInfo.ToProto":{"count":368799,"self":3.4129951999999997,"total":15.124201999999999,"children":{"GenerateSensorData":{"count":368799,"self":11.7112064,"total":11.7112068,"children":null}}}},"gauges":{"AMPTargetHeading.CumulativeReward":{"count":368799,"max":159.256165,"min":0.397078633,"runningAverage":28.9835033,"value":40.38472,"weightedAverage":46.52513}},"metadata":{"timer_format_version":"0.1.0","start_time_seconds":"1737707908","unity_version":"6000.0.25f1","command_line_arguments":"C:\\Program Files\\Unity\\Hub\\Editor\\6000.0.25f1\\Editor\\Unity.exe -projectpath E:\\Dev\\Study\\vsCode\\AMP_pytorch\\AMP_Env -useHub -hubIPC -cloudEnvironment production","communication_protocol_version":"1.5.0","com.unity.ml-agents_version":"3.0.0","scene_name":"ArticulationBodyHeading","end_time_seconds":"1737720603"}}