{"count":1,"self":6162.7670528,"total":14490.401759299999,"children":{"InitializeActuators":{"count":10,"self":0.0021925,"total":0.0021925,"children":null},"InitializeSensors":{"count":10,"self":0.0010023,"total":0.0010023,"children":null},"AgentSendState":{"count":2097736,"self":31.752892799999998,"total":255.07418439999998,"children":{"CollectObservations":{"count":4195480,"self":71.669555199999991,"total":71.6695539,"children":null},"WriteActionMask":{"count":4195480,"self":3.4947307999999997,"total":3.4947309,"children":null},"RequestDecision":{"count":4195480,"self":28.333363199999997,"total":148.15700569999998,"children":{"AgentInfo.ToProto":{"count":4195480,"self":15.997356799999999,"total":119.82364249999999,"children":{"GenerateSensorData":{"count":4195480,"self":103.8262848,"total":103.82628509999999,"children":null}}}}}}},"DecideAction":{"count":2097736,"self":6693.0274303999995,"total":6693.0273492,"children":null},"AgentAct":{"count":2097736,"self":1352.5891072,"total":1352.5890792999999,"children":null},"AgentInfo.ToProto":{"count":577423,"self":5.6325591999999993,"total":26.939783499999997,"children":{"GenerateSensorData":{"count":577423,"self":21.307223999999998,"total":21.307224299999998,"children":null}}}},"gauges":{"AMPTargetHeading.CumulativeReward":{"count":577423,"max":79.17997,"min":-2,"runningAverage":0.707532,"value":-0.771732569,"weightedAverage":0.6827493}},"metadata":{"timer_format_version":"0.1.0","start_time_seconds":"1738140173","unity_version":"6000.0.25f1","command_line_arguments":"C:\\Program Files\\Unity\\Hub\\Editor\\6000.0.25f1\\Editor\\Unity.exe -projectpath E:\\Dev\\Study\\vsCode\\AMP_pytorch\\AMP_Env -useHub -hubIPC -cloudEnvironment production","communication_protocol_version":"1.5.0","com.unity.ml-agents_version":"3.0.0","scene_name":"ArticulationBodyHeading","end_time_seconds":"1738154663"}}